<?xml version="1.0" encoding="UTF-8"?>
<project-private xmlns="http://www.netbeans.org/ns/project-private/1">
    <editor-bookmarks xmlns="http://www.netbeans.org/ns/editor-bookmarks/2" lastBookmarkId="0"/>
    <open-files xmlns="http://www.netbeans.org/ns/projectui-open-files/2">
        <group>
            <file>file:/C:/Users/maria/Documents/NetBeansProjects/Ejercicio_Actividad_4/src/ejercicio_actividad_4/Cancion.java</file>
            <file>file:/C:/Users/maria/Documents/NetBeansProjects/Ejercicio_Actividad_4/src/ejercicio_actividad_4/Icono.java</file>
            <file>file:/C:/Users/maria/Documents/NetBeansProjects/Ejercicio_Actividad_4/src/ejercicio_actividad_4/EstadoTendencia.java</file>
            <file>file:/C:/Users/maria/Documents/NetBeansProjects/Ejercicio_Actividad_4/src/ejercicio_actividad_4/Ejercicio_Actividad_4.java</file>
            <file>file:/C:/Users/maria/Documents/NetBeansProjects/Ejercicio_Actividad_4/src/ejercicio_actividad_4/EstadoNormal.java</file>
            <file>file:/C:/Users/maria/Documents/NetBeansProjects/Ejercicio_Actividad_4/src/ejercicio_actividad_4/EstadoEnAuge.java</file>
            <file>file:/C:/Users/maria/Documents/NetBeansProjects/Ejercicio_Actividad_4/src/ejercicio_actividad_4/Estado.java</file>
        </group>
    </open-files>
</project-private>
